{
	"credit": "Made with Blockbench",
	"textures": {
		"0": "item/bazooka",
		"1": "item/RPG",
		"particle": "item/bazooka"
	},
	"elements": [
		{
			"from": [-3, 0, 6],
			"to": [-2, 4, 10],
			"faces": {
				"north": {"uv": [2.5, 3, 2.75, 4], "texture": "#0"},
				"east": {"uv": [1.5, 3, 2.5, 4], "texture": "#0"},
				"south": {"uv": [3.75, 3, 4, 4], "texture": "#0"},
				"west": {"uv": [2.75, 3, 3.75, 4], "texture": "#0"},
				"up": {"uv": [2.75, 3, 2.5, 2], "texture": "#0"},
				"down": {"uv": [3, 2, 2.75, 3], "texture": "#0"}
			}
		},
		{
			"from": [7, 0, 6],
			"to": [8, 4, 10],
			"faces": {
				"north": {"uv": [1, 2, 1.25, 3], "texture": "#0"},
				"east": {"uv": [0, 2, 1, 3], "texture": "#0"},
				"south": {"uv": [2.25, 2, 2.5, 3], "texture": "#0"},
				"west": {"uv": [1.25, 2, 2.25, 3], "texture": "#0"},
				"up": {"uv": [1.25, 2, 1, 1], "texture": "#0"},
				"down": {"uv": [1.5, 1, 1.25, 2], "texture": "#0"}
			}
		},
		{
			"from": [-2, 1, 7],
			"to": [22, 3, 9],
			"faces": {
				"north": {"uv": [0.5, 0.5, 6.5, 1], "texture": "#0"},
				"east": {"uv": [0, 0.5, 0.5, 1], "texture": "#0"},
				"south": {"uv": [7, 0.5, 13, 1], "texture": "#0"},
				"west": {"uv": [6.5, 0.5, 7, 1], "texture": "#0"},
				"up": {"uv": [6.5, 0.5, 0.5, 0], "texture": "#0"},
				"down": {"uv": [12.5, 0, 6.5, 0.5], "texture": "#0"}
			}
		},
		{
			"from": [22, 0, 7],
			"to": [23, 1, 9],
			"faces": {
				"north": {"uv": [4.5, 2.25, 4.75, 2.5], "texture": "#0"},
				"east": {"uv": [4, 2.25, 4.5, 2.5], "texture": "#0"},
				"south": {"uv": [5.25, 2.25, 5.5, 2.5], "texture": "#0"},
				"west": {"uv": [4.75, 2.25, 5.25, 2.5], "texture": "#0"},
				"up": {"uv": [4.75, 2.25, 4.5, 1.75], "texture": "#0"},
				"down": {"uv": [5, 1.75, 4.75, 2.25], "texture": "#0"}
			}
		},
		{
			"from": [22, 3, 7],
			"to": [23, 4, 9],
			"faces": {
				"north": {"uv": [3.5, 2.75, 3.75, 3], "texture": "#0"},
				"east": {"uv": [3, 2.75, 3.5, 3], "texture": "#0"},
				"south": {"uv": [4.25, 2.75, 4.5, 3], "texture": "#0"},
				"west": {"uv": [3.75, 2.75, 4.25, 3], "texture": "#0"},
				"up": {"uv": [3.75, 2.75, 3.5, 2.25], "texture": "#0"},
				"down": {"uv": [4, 2.25, 3.75, 2.75], "texture": "#0"}
			}
		},
		{
			"from": [22, 0, 6],
			"to": [23, 4, 7],
			"faces": {
				"north": {"uv": [1.75, 4.25, 2, 5.25], "texture": "#0"},
				"east": {"uv": [1.5, 4.25, 1.75, 5.25], "texture": "#0"},
				"south": {"uv": [2.25, 4.25, 2.5, 5.25], "texture": "#0"},
				"west": {"uv": [2, 4.25, 2.25, 5.25], "texture": "#0"},
				"up": {"uv": [2, 4.25, 1.75, 4], "texture": "#0"},
				"down": {"uv": [2.25, 4, 2, 4.25], "texture": "#0"}
			}
		},
		{
			"from": [22, 0, 9],
			"to": [23, 4, 10],
			"faces": {
				"north": {"uv": [4, 4, 4.25, 5], "texture": "#0"},
				"east": {"uv": [3.75, 4, 4, 5], "texture": "#0"},
				"south": {"uv": [4.5, 4, 4.75, 5], "texture": "#0"},
				"west": {"uv": [4.25, 4, 4.5, 5], "texture": "#0"},
				"up": {"uv": [4.25, 4, 4, 3.75], "texture": "#0"},
				"down": {"uv": [4.5, 3.75, 4.25, 4], "texture": "#0"}
			}
		},
		{
			"from": [7, -2, 7],
			"to": [8, 0, 9],
			"faces": {
				"north": {"uv": [3.5, 1.5, 3.75, 2], "texture": "#0"},
				"east": {"uv": [3, 1.5, 3.5, 2], "texture": "#0"},
				"south": {"uv": [4.25, 1.5, 4.5, 2], "texture": "#0"},
				"west": {"uv": [3.75, 1.5, 4.25, 2], "texture": "#0"},
				"up": {"uv": [3.75, 1.5, 3.5, 1], "texture": "#0"},
				"down": {"uv": [4, 1, 3.75, 1.5], "texture": "#0"}
			}
		},
		{
			"from": [12, -3, 7],
			"to": [13, 1, 9],
			"faces": {
				"north": {"uv": [0.5, 3.5, 0.75, 4.5], "texture": "#0"},
				"east": {"uv": [0, 3.5, 0.5, 4.5], "texture": "#0"},
				"south": {"uv": [1.25, 3.5, 1.5, 4.5], "texture": "#0"},
				"west": {"uv": [0.75, 3.5, 1.25, 4.5], "texture": "#0"},
				"up": {"uv": [0.75, 3.5, 0.5, 3], "texture": "#0"},
				"down": {"uv": [1, 3, 0.75, 3.5], "texture": "#0"}
			}
		},
		{
			"from": [4, 5, 7],
			"to": [5, 6, 9],
			"rotation": {"angle": -45, "axis": "z", "origin": [0, 0, 0]},
			"faces": {
				"north": {"uv": [2, 1.5, 2.25, 1.75], "texture": "#0"},
				"east": {"uv": [1.5, 1.5, 2, 1.75], "texture": "#0"},
				"south": {"uv": [2.75, 1.5, 3, 1.75], "texture": "#0"},
				"west": {"uv": [2.25, 1.5, 2.75, 1.75], "texture": "#0"},
				"up": {"uv": [2.25, 1.5, 2, 1], "texture": "#0"},
				"down": {"uv": [2.5, 1, 2.25, 1.5], "texture": "#0"}
			}
		},
		{
			"from": [16, -8, 0],
			"to": [21, -6, 2],
			"rotation": {"angle": 22.5, "axis": "z", "origin": [0, 0, 0]},
			"faces": {
				"north": {"uv": [0, 0, 5, 2], "texture": "#1"},
				"east": {"uv": [4, 6, 6, 8], "texture": "#1"},
				"south": {"uv": [0, 2, 5, 4], "texture": "#1"},
				"west": {"uv": [6, 6, 8, 8], "texture": "#1"},
				"up": {"uv": [5, 6, 0, 4], "texture": "#1"},
				"down": {"uv": [10, 0, 5, 2], "texture": "#1"}
			}
		},
		{
			"from": [21, -8, -1],
			"to": [23, -6, 3],
			"rotation": {"angle": 22.5, "axis": "z", "origin": [0, 0, 0]},
			"faces": {
				"north": {"uv": [4, 8, 6, 10], "texture": "#1"},
				"east": {"uv": [5, 2, 9, 4], "texture": "#1"},
				"south": {"uv": [6, 8, 8, 10], "texture": "#1"},
				"west": {"uv": [5, 4, 9, 6], "texture": "#1"},
				"up": {"uv": [2, 10, 0, 6], "texture": "#1"},
				"down": {"uv": [4, 6, 2, 10], "texture": "#1"}
			}
		},
		{
			"from": [21, -6, 0],
			"to": [23, -5, 2],
			"rotation": {"angle": 22.5, "axis": "z", "origin": [0, 0, 0]},
			"faces": {
				"north": {"uv": [2, 10, 4, 11], "texture": "#1"},
				"east": {"uv": [4, 10, 6, 11], "texture": "#1"},
				"south": {"uv": [6, 10, 8, 11], "texture": "#1"},
				"west": {"uv": [10, 6, 12, 7], "texture": "#1"},
				"up": {"uv": [10, 8, 8, 6], "texture": "#1"},
				"down": {"uv": [10, 8, 8, 10], "texture": "#1"}
			}
		},
		{
			"from": [21, -9, 0],
			"to": [23, -8, 2],
			"rotation": {"angle": 22.5, "axis": "z", "origin": [0, 0, 0]},
			"faces": {
				"north": {"uv": [10, 7, 12, 8], "texture": "#1"},
				"east": {"uv": [8, 10, 10, 11], "texture": "#1"},
				"south": {"uv": [10, 8, 12, 9], "texture": "#1"},
				"west": {"uv": [10, 9, 12, 10], "texture": "#1"},
				"up": {"uv": [11, 4, 9, 2], "texture": "#1"},
				"down": {"uv": [11, 4, 9, 6], "texture": "#1"}
			}
		},
		{
			"from": [23, -8, 0],
			"to": [24, -6, 2],
			"rotation": {"angle": 22.5, "axis": "z", "origin": [0, 0, 0]},
			"faces": {
				"north": {"uv": [10, 10, 11, 12], "texture": "#1"},
				"east": {"uv": [0, 10, 2, 12], "texture": "#1"},
				"south": {"uv": [2, 11, 3, 13], "texture": "#1"},
				"west": {"uv": [10, 0, 12, 2], "texture": "#1"},
				"up": {"uv": [12, 4, 11, 2], "texture": "#1"},
				"down": {"uv": [4, 11, 3, 13], "texture": "#1"}
			}
		}
	],
	"display": {
		"thirdperson_righthand": {
			"rotation": [3, 91, 0],
			"translation": [0, 9, 1.25]
		},
		"thirdperson_lefthand": {
			"rotation": [-9, -87, -11],
			"translation": [0.5, 8.5, 1.25]
		},
		"firstperson_righthand": {
			"rotation": [36, 79, 0],
			"translation": [-1.25, 5.75, 9.75]
		},
		"firstperson_lefthand": {
			"rotation": [7, -93, 0],
			"translation": [-1.75, 12.5, 5.25]
		},
		"ground": {
			"translation": [0, 6.5, 0]
		},
		"gui": {
			"rotation": [0, 0, 42],
			"translation": [-3.75, 2.25, 0],
			"scale": [0.75, 0.75, 0.75]
		},
		"head": {
			"translation": [-2, 7.25, 0]
		},
		"fixed": {
			"rotation": [0, 0, 35],
			"translation": [-5, 3.75, 0]
		}
	},
	"groups": [
		{
			"name": "Bazooka",
			"origin": [8, 8, 8],
			"color": 0,
			"children": [0, 1, 2, 3, 4, 5, 6, 7, 8, 9]
		},
		{
			"name": "RPG",
			"origin": [8, 8, 8],
			"color": 0,
			"children": [10, 11, 12, 13, 14]
		}
	]
}