{
	"credit": "Made with Blockbench",
	"textures": {
		"5": "grip",
		"6": "chamber",
		"7": "hammer",
		"8": "sights",
		"9": "trigger"
	},
	"elements": [
		{
			"from": [3, 0, 6],
			"to": [6, 5, 9],
			"faces": {
				"north": {"uv": [0, 0, 3, 4], "texture": "#5"},
				"east": {"uv": [0, 4, 2, 8], "texture": "#5"},
				"south": {"uv": [3, 0, 6, 4], "texture": "#5"},
				"west": {"uv": [2, 4, 4, 8], "texture": "#5"},
				"up": {"uv": [7, 6, 4, 4], "texture": "#missing"},
				"down": {"uv": [9, 0, 6, 2], "texture": "#5"}
			}
		},
		{
			"from": [2, 5, 6],
			"to": [13, 8, 9],
			"faces": {
				"north": {"uv": [0, 0, 11, 3], "texture": "#6"},
				"east": {"uv": [11, 0, 14, 3], "texture": "#6"},
				"south": {"uv": [0, 3, 11, 6], "texture": "#6"},
				"west": {"uv": [11, 3, 14, 6], "texture": "#6"},
				"up": {"uv": [11, 9, 0, 6], "texture": "#6"},
				"down": {"uv": [11, 9, 0, 12], "texture": "#6"}
			}
		},
		{
			"from": [3, 8, 7],
			"to": [5, 9, 8],
			"faces": {
				"north": {"uv": [0, 0, 2, 1], "texture": "#8"},
				"east": {"uv": [2, 1, 3, 2], "texture": "#8"},
				"south": {"uv": [0, 1, 2, 2], "texture": "#8"},
				"west": {"uv": [2, 2, 3, 3], "texture": "#8"},
				"up": {"uv": [2, 3, 0, 2], "texture": "#8"},
				"down": {"uv": [4, 0, 2, 1], "texture": "#missing"}
			}
		},
		{
			"from": [1, 6, 7],
			"to": [2, 8, 8],
			"faces": {
				"north": {"uv": [0, 0, 1, 2], "texture": "#7"},
				"east": {"uv": [1, 0, 2, 2], "texture": "#missing"},
				"south": {"uv": [0, 2, 1, 4], "texture": "#7"},
				"west": {"uv": [2, 0, 3, 2], "texture": "#7"},
				"up": {"uv": [2, 3, 1, 2], "texture": "#7"},
				"down": {"uv": [3, 2, 2, 3], "texture": "#7"}
			}
		},
		{
			"from": [6, 4, 7],
			"to": [8, 5, 8],
			"faces": {
				"north": {"uv": [0, 0, 2, 1], "texture": "#9"},
				"east": {"uv": [2, 1, 3, 2], "texture": "#9"},
				"south": {"uv": [0, 1, 2, 2], "texture": "#9"},
				"west": {"uv": [2, 2, 3, 3], "texture": "#missing"},
				"up": {"uv": [2, 3, 0, 2], "texture": "#missing"},
				"down": {"uv": [4, 0, 2, 1], "texture": "#9"}
			}
		}
	],
	"display": {
		"thirdperson_righthand": {
			"rotation": [-90, -2, 88],
			"translation": [-6, -1.5, -3]
		},
		"thirdperson_lefthand": {
			"rotation": [90, 2, 88],
			"translation": [-5.75, -3, -2.5]
		},
		"firstperson_righthand": {
			"rotation": [-86, 180, 78],
			"translation": [0, 1.75, 1.5]
		},
		"firstperson_lefthand": {
			"rotation": [-83, 0, -84],
			"translation": [2.75, 1.75, 0]
		},
		"ground": {
			"translation": [0, 8.5, 0]
		},
		"head": {
			"rotation": [0, 90, 0],
			"translation": [0.75, 13.75, -5.25]
		},
		"fixed": {
			"translation": [0, 3.25, 0]
		}
	}
}