{
	"credit": "Made with Blockbench",
	"texture_size": [96, 64],
	"textures": {
		"3": "block/custom/gunTextures"
	},
	"elements": [
		{
			"from": [2, 5, 6],
			"to": [13, 8, 9],
			"faces": {
				"north": {"uv": [0, 0, 5.5, 1.5], "texture": "#3"},
				"east": {"uv": [5.5, 0, 7, 1.5], "texture": "#3"},
				"south": {"uv": [0, 1.5, 5.5, 3], "texture": "#3"},
				"west": {"uv": [5.5, 1.5, 7, 3], "texture": "#3"},
				"up": {"uv": [5.5, 4.5, 0, 3], "texture": "#3"},
				"down": {"uv": [5.5, 4.5, 0, 6], "texture": "#3"}
			}
		},
		{
			"from": [3, 0, 6],
			"to": [6, 5, 9],
			"faces": {
				"north": {"uv": [2.66667, 8, 3.16667, 9], "texture": "#3"},
				"east": {"uv": [2.66667, 9, 3, 10], "texture": "#3"},
				"south": {"uv": [3.16667, 8, 3.66667, 9], "texture": "#3"},
				"west": {"uv": [3, 9, 3.33333, 10], "texture": "#3"},
				"up": {"uv": [1.16667, 1.5, 0.66667, 1], "texture": "#missing"},
				"down": {"uv": [4.16667, 8, 3.66667, 8.5], "texture": "#3"}
			}
		},
		{
			"from": [6, 4, 7],
			"to": [8, 5, 8],
			"faces": {
				"north": {"uv": [2.66667, 12, 3, 12.25], "texture": "#3"},
				"east": {"uv": [3, 12.25, 3.16667, 12.5], "texture": "#3"},
				"south": {"uv": [2.66667, 12.25, 3, 12.5], "texture": "#3"},
				"west": {"uv": [0.33333, 0.5, 0.5, 0.75], "texture": "#missing"},
				"up": {"uv": [0.33333, 0.75, 0, 0.5], "texture": "#missing"},
				"down": {"uv": [3.33333, 12, 3, 12.25], "texture": "#3"}
			}
		},
		{
			"from": [1, 6, 7],
			"to": [2, 8, 8],
			"faces": {
				"north": {"uv": [8, 0, 8.5, 1], "texture": "#3"},
				"east": {"uv": [8.5, 0, 9, 1], "texture": "#3"},
				"south": {"uv": [8, 1, 8.5, 2], "texture": "#3"},
				"west": {"uv": [9, 0, 9.5, 1], "texture": "#3"},
				"up": {"uv": [9, 1.5, 8.5, 1], "texture": "#3"},
				"down": {"uv": [9.5, 1, 9, 1.5], "texture": "#3"}
			}
		},
		{
			"from": [3, 8, 7],
			"to": [5, 9, 8],
			"faces": {
				"north": {"uv": [0, 12, 0.33333, 12.25], "texture": "#3", "cullface": "north"},
				"east": {"uv": [0.33333, 12.25, 0.5, 12.5], "texture": "#3"},
				"south": {"uv": [0, 12.25, 0.33333, 12.5], "texture": "#3"},
				"west": {"uv": [0.33333, 12.5, 0.5, 12.75], "texture": "#3"},
				"up": {"uv": [0.33333, 12.75, 0, 12.5], "texture": "#3"},
				"down": {"uv": [0.66667, 0, 0.33333, 0.25], "texture": "#missing"}
			}
		}
	],
	"display": {
		"thirdperson_righthand": {
			"rotation": [-90, -2, 88],
			"translation": [-6, -1.5, -3]
		},
		"thirdperson_lefthand": {
			"rotation": [90, 2, 88],
			"translation": [-5.75, -3, -2.5]
		},
		"firstperson_righthand": {
			"rotation": [-73, 5, 78],
			"translation": [-4.75, 3.75, -2]
		},
		"firstperson_lefthand": {
			"rotation": [-72, 180, -84],
			"translation": [-2.5, 1.75, -3.75]
		},
		"ground": {
			"translation": [0, 8.5, 0]
		},
		"gui": {
			"translation": [1.25, 2.75, 0]
		},
		"head": {
			"rotation": [0, 90, 0],
			"translation": [0.75, 13.75, -5.25]
		},
		"fixed": {
			"translation": [0, 3.25, 0]
		}
	},
	"groups": [
		{
			"name": "Gun",
			"origin": [8, 8, 8],
			"color": 0,
			"children": [0, 1, 2, 3, 4]
		}
	]
}